D,J1,J2,I,C1,C2,C3
1,0,0,0,0,0,0
0,0,0,1,1,0,0
0,0,1,0,0,0,0
0,0,0,1,1,0,0
0,0,1,0,0,0,0
0,1,0,0,0,0,0
0,0,1,1,1,0,0
1,0,0,0,1,0,0
0,0,0,1,0,0,1
1,0,0,0,0,0,0
0,0,0,1,1,0,0
0,0,0,1,0,0,0
1,0,0,0,1,0,0
0,0,0,0,1,0,0
1,0,0,0,0,0,1
0,0,1,1,0,0,0
0,0,0,1,0,0,0
0,0,0,0,0,0,1
0,1,0,0,0,0,0
0,0,0,1,1,0,0
0,1,1,0,0,0,0
1,1,0,0,0,0,0
0,0,0,0,1,0,0
0,0,0,0,0,0,1
0,1,0,0,1,0,0
1,0,0,0,0,0,0
1,0,0,0,0,0,0
0,1,0,0,0,0,0
1,0,0,0,1,0,0
1,0,0,0,0,0,0
1,0,0,0,0,0,0
1,0,0,0,0,0,0
1,0,0,0,0,0,0
0,0,0,0,1,0,0
1,0,0,0,0,0,0
1,0,0,0,0,0,0
1,0,0,0,0,0,0
1,0,0,0,0,0,0
1,0,0,0,0,0,0
1,0,0,0,0,0,0
0,0,1,0,0,0,0
1,0,0,0,0,0,0
0,1,0,0,0,0,0
0,1,1,0,0,0,0
0,0,0,0,0,0,1
1,1,0,0,0,0,0
1,0,0,0,0,0,0
1,0,0,0,0,0,0
1,0,0,0,0,0,0
1,0,0,0,1,0,0
1,1,0,0,0,0,0
0,0,0,0,0,0,1
0,0,1,1,0,1,0
1,0,0,0,0,1,0
0,0,1,1,0,1,0
1,0,0,0,0,0,0
1,0,0,0,0,0,0
1,0,0,0,0,0,0
0,0,0,1,1,0,0
1,0,0,0,0,0,0
1,1,0,0,0,0,1
1,0,0,0,0,0,0
0,0,0,0,1,0,0
1,1,0,0,0,0,0
1,0,0,0,0,0,0
0,0,0,1,1,0,0
1,1,0,0,0,0,0
1,0,0,0,0,0,0
0,0,1,1,1,0,0
1,0,0,0,0,0,0
1,0,0,0,0,1,0
0,0,0,0,0,0,1
1,0,0,0,0,0,0
1,0,0,0,0,0,0
0,0,0,0,0,0,1
0,1,0,0,0,0,0
1,0,0,0,1,0,0
1,0,0,0,1,0,0
1,1,0,0,1,0,0
1,0,0,0,0,0,0
1,1,0,0,1,0,0
1,0,0,0,0,0,0
1,0,0,0,0,0,0
0,0,0,1,0,0,0
0,0,0,0,0,0,1
1,0,0,0,0,0,1
1,0,0,0,0,0,0
0,0,1,0,0,0,0
1,0,0,0,0,0,0
1,0,0,0,0,0,0
1,0,0,0,0,0,0
0,1,0,0,0,0,0
0,0,0,1,1,0,0
0,0,0,1,0,1,0
1,0,0,0,0,0,0
1,0,0,0,0,0,0
0,0,0,0,0,0,1
0,1,0,0,0,0,0
0,0,0,0,0,0,1
1,0,0,0,0,0,0
0,0,1,0,0,0,0
0,0,0,0,0,0,1
0,0,1,0,0,0,0
0,1,0,0,0,0,1
1,0,0,0,0,0,0
1,0,0,0,0,0,0
0,1,1,0,0,0,0
1,1,0,0,0,0,0
1,0,0,0,0,0,0
1,1,0,0,0,0,0
0,1,1,0,0,0,0
1,0,0,0,0,0,0
0,0,1,0,1,0,0
0,0,1,0,0,0,0
0,0,1,0,1,0,0
0,0,0,0,0,1,0
0,0,0,0,0,1,1
0,1,0,0,0,0,0
1,1,0,0,0,0,0
1,1,0,0,0,0,0
1,0,0,0,0,0,0
0,0,0,1,0,0,0
0,0,0,1,0,0,0
0,1,1,0,0,0,0
0,0,1,1,0,0,0
0,0,0,0,1,0,0
0,0,1,0,0,0,0
1,0,0,0,0,0,0
0,0,1,1,0,0,1
0,0,0,0,0,0,1
1,1,0,0,0,0,0
1,1,0,0,0,0,1
0,0,0,0,0,1,0
1,0,0,0,0,0,0
1,1,0,0,0,0,0
0,1,0,0,0,0,0
0,0,1,0,0,0,0
0,0,1,0,0,0,0
0,0,0,1,0,0,0
1,1,0,0,0,0,0
0,0,1,0,0,0,0
0,1,0,0,0,0,0
0,1,0,0,0,0,1
1,0,0,0,0,0,0
0,0,0,1,0,0,0
0,0,0,1,0,0,0
0,0,1,0,1,0,0
1,0,0,0,0,0,0
1,1,0,0,1,0,0
0,0,0,0,0,1,0
1,0,0,0,0,0,0
0,0,0,0,1,0,0
1,0,0,0,0,0,1
1,0,0,0,1,0,0
0,0,0,0,0,0,1
0,0,1,0,0,0,0
1,0,0,0,0,0,0
1,0,0,0,0,0,0
0,0,0,0,1,0,0
1,0,0,0,0,1,0
1,0,0,0,0,0,0
0,0,0,1,0,0,0
1,0,0,0,0,0,0
1,0,0,0,0,0,0
1,0,0,0,0,0,0
0,0,1,1,0,0,0
1,0,0,0,0,0,0
0,0,0,0,0,0,1
0,0,0,1,0,0,0
0,0,0,0,1,0,0
1,0,0,0,0,0,0
1,1,0,0,0,0,0
1,0,0,0,0,0,0
1,0,0,0,0,0,0
1,0,0,0,0,0,0
0,1,0,0,0,0,0
0,0,0,0,1,0,0
1,0,0,0,0,0,0
0,0,0,0,1,0,0
0,0,0,1,0,0,1
0,0,0,1,0,0,1
0,0,0,1,0,0,1
1,0,0,0,0,0,0
0,0,0,0,0,0,1
0,0,0,0,0,1,0
0,0,1,0,0,0,0
0,0,0,1,0,0,0
0,0,0,1,0,0,0
0,0,0,0,1,0,0
0,0,0,0,1,0,0
0,0,1,0,0,0,0
1,0,0,0,0,0,1
0,0,0,0,0,0,1
0,0,0,0,1,0,0
1,0,0,0,0,0,0
0,0,0,1,0,0,0
1,0,0,0,0,0,0
1,1,0,0,0,0,0
1,0,0,0,0,0,0
1,1,0,0,0,0,0
1,1,0,0,0,0,0
0,0,0,0,0,0,1
1,0,0,0,0,0,0
0,0,0,1,0,0,0
1,0,0,0,0,0,0
1,0,0,0,0,0,0
0,0,0,1,0,0,1
0,1,0,0,0,0,0
1,0,0,0,0,0,0
0,0,0,1,1,0,0
0,0,0,0,0,1,0
1,0,0,0,0,0,0
0,0,0,0,0,1,0
0,0,0,0,1,0,0
0,1,0,0,0,0,0
0,0,0,1,0,0,0
0,0,0,1,0,0,1
0,1,1,0,1,0,0
0,0,0,1,0,0,0
1,0,0,0,0,0,0
1,0,0,0,0,0,0
1,0,0,0,0,0,0
1,0,0,0,0,0,0
1,0,0,0,0,0,0
1,0,0,0,0,0,0
0,0,0,1,0,0,0
1,1,0,0,0,0,0
1,0,0,0,0,0,0
0,0,0,0,1,0,0
1,0,0,0,0,0,0
0,0,0,0,0,0,1
0,0,0,1,0,0,0
0,0,0,0,1,0,0
1,0,0,0,0,0,0
1,0,0,0,1,0,0
1,0,0,0,1,0,0
1,1,0,0,0,0,0
1,1,0,0,0,0,0
1,1,0,0,1,0,0
1,0,0,0,0,0,0
0,0,0,1,0,0,0
0,1,0,0,1,0,0
1,0,0,0,0,0,0
1,1,0,0,0,0,0
0,0,0,0,1,0,0
1,0,0,0,1,0,0
0,0,0,1,0,0,0
1,0,0,0,0,0,0
0,0,0,0,1,0,0
1,1,0,0,0,0,0
0,0,0,1,0,0,0
0,1,0,0,0,0,0
1,1,0,0,0,0,0
0,1,1,0,0,0,1
0,0,0,1,0,1,0
0,0,0,1,0,1,0
0,0,1,0,0,1,0
0,1,1,0,0,0,0
1,0,0,0,0,0,0
1,0,0,0,1,1,0
0,0,0,1,1,0,0
0,0,0,1,0,0,0
0,0,1,1,0,0,0
0,0,0,1,0,0,0
0,0,0,0,0,0,1
1,0,0,0,0,0,0
0,0,0,0,1,0,0
0,0,0,1,1,0,0
0,0,1,0,0,0,0
0,0,0,0,0,0,1
0,0,0,1,0,0,0
1,0,0,0,0,0,0
0,0,0,1,0,0,0
1,0,0,0,0,0,0
1,0,0,0,0,0,0
1,0,0,0,0,0,0
0,0,1,0,0,0,0
1,0,0,0,0,0,0
0,0,1,1,0,1,0
0,0,1,0,0,0,0
1,0,0,0,0,0,0
0,0,0,1,0,0,1
0,0,0,1,0,0,0
0,0,0,1,0,0,0
1,0,0,0,0,0,0
1,0,0,0,0,0,0
0,0,0,0,0,0,1
0,0,0,0,0,0,1
0,0,1,0,0,0,0
1,0,0,0,0,0,0
0,1,0,0,0,0,0
0,1,0,0,0,0,0
0,1,0,0,0,0,0
0,0,0,0,0,0,1
0,1,1,0,0,0,1
0,0,1,0,0,0,0
0,0,0,0,1,0,0
0,1,0,0,0,0,0
0,0,0,1,0,0,0
1,0,0,0,0,0,0
1,0,0,0,0,0,0
1,0,0,0,0,0,0
1,0,0,0,0,0,0
0,0,0,1,0,0,0
1,1,0,0,0,0,0
0,0,1,1,0,0,1
0,0,0,1,0,0,0
1,0,0,0,0,0,0
0,0,0,0,0,1,0
1,0,0,0,0,0,0
0,0,1,1,0,1,0
0,0,0,1,0,0,1
0,0,0,1,0,0,0
1,0,0,0,0,0,0
1,0,0,0,0,0,0
0,0,0,0,0,0,1
0,0,0,0,0,0,1
0,0,0,0,0,0,1
0,1,0,0,0,0,0
0,0,1,0,0,0,0
0,1,0,0,1,0,0
1,0,0,0,0,0,0
1,0,0,0,0,0,0
0,0,0,1,0,0,0
1,0,0,0,0,0,0
0,0,0,0,1,0,0
1,0,0,0,0,0,0
1,1,0,0,0,0,0
1,0,0,0,0,0,0
1,1,0,0,1,0,0
1,1,0,0,1,0,0
1,1,0,0,0,0,0
1,1,0,0,0,0,1
0,0,0,0,0,0,1
0,0,0,0,0,0,1
1,1,0,0,1,0,0
0,0,0,0,0,0,1
0,0,0,0,0,0,1
1,1,0,0,0,0,0
1,1,0,0,0,0,0
1,1,0,0,1,0,0
1,1,0,0,0,0,0
0,0,1,0,1,0,0
1,0,0,0,0,0,0
0,1,0,0,0,0,0
0,1,0,0,0,0,0
0,0,0,1,0,1,0
0,0,1,0,0,0,0
1,0,0,0,0,0,0
0,0,0,0,0,0,1
0,0,0,1,0,0,0
0,1,0,0,1,0,0
0,0,0,1,0,0,0
0,0,0,1,0,0,1
0,0,0,1,0,0,0
0,0,0,1,0,0,0
1,0,0,0,0,0,0
1,0,0,0,0,0,0
1,0,0,0,0,0,0
1,0,0,0,0,0,0
1,0,0,0,0,0,0
0,0,0,1,0,0,0
0,0,0,1,0,0,0
0,0,0,1,0,0,0
0,0,0,1,0,0,0
0,0,0,1,0,0,0
0,0,0,1,0,0,0
0,0,0,1,0,0,0
0,0,0,1,0,0,0
0,0,0,1,0,0,0
0,0,0,1,0,0,0
0,0,0,1,0,0,0
0,0,0,1,0,0,0
0,0,0,1,0,0,0
0,0,0,1,0,0,0
0,0,0,1,0,0,0
0,0,0,1,1,0,0
1,0,0,0,0,0,0
0,0,1,1,0,1,0
1,1,0,0,0,0,0
1,1,0,0,0,0,0
1,0,0,0,0,0,0
1,0,0,0,0,0,0
1,1,0,0,0,0,0
1,0,0,0,0,0,0
1,0,0,0,0,0,0
1,0,0,0,1,0,0
0,1,0,0,0,0,0
0,0,1,0,0,0,0
1,0,0,0,0,0,0
0,0,0,1,1,1,0
0,0,0,1,0,0,0
0,1,1,0,0,0,0
0,0,0,1,0,0,0
0,0,0,1,0,0,0
0,0,0,1,0,0,0
1,0,0,0,0,0,0
0,0,0,1,0,0,0
0,0,0,0,0,0,1
0,0,0,1,0,0,0
0,0,0,1,0,0,0
0,0,0,1,0,0,1
1,0,0,0,0,0,0
0,0,0,1,0,0,0
0,0,0,0,0,0,1
0,0,0,1,0,0,0
0,0,0,1,0,0,0
0,0,0,1,0,0,0
0,0,0,1,0,0,0
0,0,0,0,0,0,1
0,0,0,1,0,0,0
0,0,0,1,0,0,0
1,0,0,0,0,0,0
1,0,0,0,0,0,0
1,0,0,0,0,0,0
0,0,0,0,1,1,0
0,0,0,1,0,0,0
0,0,0,0,0,0,1
0,1,0,0,0,0,0
1,1,0,0,0,0,0
0,0,1,0,0,0,0
1,0,0,0,1,0,0
1,0,0,0,0,0,0
1,0,0,0,0,0,0
0,1,1,0,0,0,0
0,0,1,0,0,0,0
1,0,0,0,0,0,0
1,1,0,0,0,0,0
1,0,0,0,0,0,0
0,0,0,1,0,0,0
1,0,0,0,0,0,0
1,0,0,0,0,0,0
0,0,0,0,1,0,0
1,0,0,0,0,0,0
1,0,0,0,0,0,0
0,0,1,0,0,1,0
1,1,0,0,0,0,0
1,1,0,0,0,0,0
0,0,1,1,1,0,0
0,0,0,1,0,0,0
0,0,0,1,0,0,0
0,0,0,0,0,0,1
1,0,0,0,0,0,0
1,0,0,0,0,0,0
1,0,0,0,0,0,0
1,0,0,0,0,0,0
0,0,1,1,0,0,0
1,0,0,0,1,0,0
1,0,0,0,0,0,0
0,0,0,0,1,0,0
1,0,0,0,0,0,0
0,0,0,1,0,0,0
1,0,0,0,0,0,0
0,0,0,1,0,0,1
0,1,0,0,0,0,0
1,0,0,0,0,0,0
1,0,0,0,0,0,0
0,0,0,0,0,1,0
0,0,0,1,0,0,0
0,0,0,1,0,1,0
1,0,0,0,0,0,0
0,0,0,1,0,0,0
0,0,0,1,0,0,0
0,0,0,0,1,0,0
0,0,0,1,0,0,1
0,0,0,1,0,0,0
0,0,0,1,0,0,0
0,0,1,1,0,0,0
0,1,0,0,0,0,0
1,1,0,0,1,0,0
0,0,0,0,0,0,1
0,0,1,0,0,0,0
1,0,0,0,0,0,0
1,0,0,0,0,0,0
1,0,0,0,1,0,0
0,0,0,0,1,0,0
0,0,0,0,1,0,0
0,0,0,1,1,0,0
0,0,0,0,0,0,1
0,0,0,0,0,1,0
0,0,0,1,0,0,0
1,0,0,0,0,0,0
0,0,0,0,1,0,0
0,0,0,0,0,1,0
1,0,0,0,0,0,0
1,0,0,0,0,0,0
0,0,0,0,1,0,0
0,0,0,1,0,0,1
1,0,0,0,0,0,0
1,0,0,0,0,0,0
0,0,0,0,1,0,0
0,0,1,0,0,0,0
1,0,0,0,0,0,0
1,0,0,0,0,0,0
0,0,0,0,1,0,0
1,1,0,0,0,0,0
1,0,0,0,0,0,0
1,0,0,0,0,0,0
0,0,0,0,0,0,1
1,0,0,0,1,0,0
1,0,0,0,0,0,0
1,0,0,0,0,0,0
0,0,1,0,0,0,0
1,1,0,0,0,0,0
0,1,0,0,0,0,0
0,0,1,0,0,0,0
0,0,0,0,1,0,0
1,0,0,0,0,0,0
0,1,1,0,0,0,0
0,0,0,0,0,1,0
0,0,0,1,0,0,0
0,0,0,1,1,0,0
0,0,0,1,0,0,0
0,0,0,1,0,0,0
0,0,0,1,0,0,0
0,0,0,0,0,0,1
0,0,0,1,0,0,0
1,0,0,0,0,0,0
0,0,0,1,0,0,0
0,0,0,1,0,0,0
1,0,0,0,0,0,0
0,0,0,1,0,0,0
1,0,0,0,0,1,0
1,0,0,0,0,0,0
1,0,0,0,0,0,1
0,0,0,1,0,0,0
0,0,0,1,1,0,0
1,0,0,0,0,0,0
0,0,0,0,0,1,0
0,0,1,0,0,0,0
0,0,0,1,0,0,1
0,0,0,1,0,0,0
0,0,0,1,0,0,0
1,0,0,0,0,0,0
1,0,0,0,0,0,0
1,0,0,0,0,0,0
0,1,0,0,0,0,0
1,0,0,0,0,0,0
1,0,0,0,0,0,0
1,0,0,0,0,0,0
1,0,0,0,0,0,0
0,0,0,0,0,0,1
1,0,0,0,0,0,0
0,0,1,0,0,1,0
1,1,0,0,1,0,0
1,0,0,0,0,0,1
0,0,0,1,0,1,1
0,0,0,1,0,0,0
1,1,0,0,1,0,0
0,0,0,1,0,0,0
0,0,0,0,0,0,1
0,0,0,1,0,0,0
1,0,0,0,0,0,0
0,0,1,1,0,0,1
1,0,0,0,1,0,0
1,0,0,0,0,0,0
1,0,0,0,0,0,0
1,0,0,0,1,0,0
1,1,0,0,1,0,0
1,0,0,0,0,0,1
1,0,0,0,0,0,0
1,1,0,0,0,0,0
1,0,0,0,0,0,0
1,0,0,0,0,0,0
1,0,0,0,0,0,0
1,0,0,0,1,0,0
1,0,0,0,0,0,0
0,0,1,1,1,0,0
0,1,1,0,1,0,0
1,1,0,0,1,0,0
1,0,0,0,0,0,0
1,0,0,0,0,0,0
1,0,0,0,0,0,0
0,0,0,1,0,0,0
0,0,0,1,0,0,0
1,0,0,0,0,0,0
0,0,0,1,0,0,0
1,1,0,0,0,0,0
1,1,0,0,0,0,0
1,1,0,0,1,0,0
1,0,0,0,1,0,0
1,0,0,0,0,0,0
1,0,0,0,0,0,0
0,0,0,1,0,0,0
0,0,0,1,0,0,0
0,0,0,1,0,0,0
1,1,0,0,0,0,0
1,0,0,0,0,0,0
0,0,0,1,0,1,0
0,0,0,0,1,0,0
1,0,0,0,0,0,0
0,0,0,0,1,0,0
1,0,0,0,0,0,0
0,0,0,0,0,0,1
0,0,0,0,1,0,0
0,0,0,0,0,0,1
0,0,0,0,1,0,0
0,0,0,1,0,0,1
0,0,0,0,1,0,0
1,0,0,0,0,0,0
0,0,0,0,0,0,1
0,0,0,0,1,0,0
0,0,0,0,1,0,0
0,0,0,1,0,1,0
1,0,0,0,1,0,0
1,0,0,0,0,0,0
1,0,0,0,0,0,0
0,0,0,0,0,1,0
0,0,0,0,0,0,1
0,0,0,0,1,0,0
0,0,0,0,1,0,0
0,0,0,0,0,0,1
0,0,0,0,1,0,0
0,0,1,0,0,0,0
0,0,0,0,0,0,1
0,0,0,1,0,0,0
1,1,0,0,0,0,0
1,0,0,0,0,0,0
0,0,0,1,1,0,0
1,1,0,0,0,0,0
1,1,0,0,0,0,0
0,0,0,0,1,0,0
1,0,0,0,0,0,0
1,0,0,0,0,0,0
1,0,0,0,0,0,0
1,0,0,0,0,0,0
1,0,0,0,0,0,0
0,0,0,0,0,0,1
0,0,0,1,0,0,0
1,0,0,0,0,0,0
0,0,0,1,0,0,1
1,1,0,0,0,0,0
0,0,0,0,0,0,1
0,0,0,1,0,0,0
0,0,0,1,0,0,1
0,0,1,0,0,0,0
0,0,1,0,0,0,0
0,0,0,1,0,0,0
0,0,0,0,1,0,0
0,0,0,0,0,0,1
1,0,0,1,0,1,0
0,0,0,1,0,1,0
0,0,0,1,0,0,1
0,0,0,1,0,1,0
0,0,0,1,0,1,0
1,0,0,0,0,0,0
1,0,0,0,0,0,1
0,0,0,0,0,0,1
1,0,0,0,0,0,0
1,0,0,0,0,0,0
1,0,0,0,0,0,0
1,0,0,0,0,0,0
1,0,0,0,0,0,0
0,0,0,0,0,0,1
1,0,0,0,0,0,0
0,0,0,0,1,0,0
0,0,0,0,1,0,0
0,0,0,0,0,0,1
0,0,0,1,0,1,0
1,0,0,0,0,0,0
1,0,0,0,0,0,0
1,0,0,0,0,1,0
0,1,0,0,0,0,0
1,0,0,0,0,0,0
0,0,0,1,1,0,0
0,0,0,0,0,0,1
1,0,0,0,0,0,0
1,1,0,0,0,0,0
1,0,0,0,0,0,0
0,0,1,0,0,0,1
1,0,0,0,0,0,0
0,0,0,1,1,0,0
0,0,0,1,0,1,0
0,0,0,1,0,0,0
0,0,1,0,0,0,0
0,0,0,1,0,0,0
0,0,1,1,0,1,0
0,0,0,0,0,0,1
0,0,1,0,0,0,0
0,0,0,1,0,0,0
1,1,0,0,0,0,0
0,0,0,1,0,0,0
0,1,1,0,0,0,0
1,0,0,0,0,0,0
1,0,0,0,0,0,0
1,0,0,0,0,0,0
1,1,0,0,0,0,0
1,1,0,0,0,0,0
1,0,0,0,0,0,0
0,0,0,1,0,1,1
0,0,1,1,0,0,0
0,0,1,0,0,0,0
0,1,0,0,1,0,0
0,0,1,1,0,0,0
0,0,0,0,1,0,0
1,0,0,0,0,0,0
0,0,1,1,0,1,0
1,1,0,0,0,0,0
0,0,0,1,0,0,0
0,0,0,1,0,0,0
0,0,0,1,0,0,1
1,0,0,0,0,0,0
0,1,0,0,0,0,0
0,0,0,0,0,0,1
0,0,0,0,0,1,0
0,0,0,0,0,0,1
0,0,0,0,0,0,1
0,0,1,0,0,1,0
0,0,0,1,0,0,1
0,0,0,1,0,0,0
0,0,0,0,0,0,1
1,0,0,0,1,0,0
1,0,0,0,0,1,0
1,0,0,0,0,0,0
0,1,1,0,1,0,0
0,0,1,0,0,0,0
0,0,0,1,0,0,0
0,0,0,0,0,0,1
1,0,0,0,0,0,0
1,1,0,0,0,0,0
1,0,0,0,0,0,0
1,0,0,0,0,0,0
1,0,0,0,0,0,0
0,1,0,0,0,0,0
1,1,0,0,0,0,0
1,0,0,0,0,0,0
0,1,1,0,0,0,0
0,0,0,1,0,0,0
0,0,0,0,0,0,1
0,0,0,1,0,0,0
0,1,0,0,0,0,0
1,0,0,0,1,0,0
0,0,0,0,1,0,0
1,0,0,0,0,0,0
0,0,0,0,0,0,1
1,0,0,0,0,0,0
0,0,0,0,0,0,1
0,0,0,1,1,0,0
0,0,0,0,0,0,1
0,0,0,0,1,0,0
0,0,1,0,0,0,0
1,0,0,0,0,0,0
0,0,1,0,0,0,0
1,0,0,0,0,0,0
0,0,1,1,0,1,0
1,0,0,0,0,0,0
1,0,0,0,0,0,0
1,1,0,0,0,0,0
0,0,0,1,0,0,0
0,1,0,0,0,0,0
0,0,0,0,1,0,0
0,0,0,0,0,1,0
0,0,0,1,0,0,0
0,0,0,1,0,0,0
1,0,0,0,0,0,0
0,0,0,1,0,0,0
0,0,1,1,0,0,0
0,1,0,0,0,0,0
0,0,0,1,0,0,0
1,0,0,0,0,0,0
0,0,1,0,0,0,0
1,0,0,0,0,0,0
1,0,0,0,0,0,0
0,0,0,0,0,0,1
0,1,1,0,0,0,0
0,0,1,1,1,0,1
0,0,0,0,1,0,0
1,1,0,0,0,0,0
1,0,0,0,0,0,1
0,0,1,1,1,1,0
0,0,0,0,0,0,1
0,0,0,0,1,0,0
0,0,0,0,0,1,0
1,0,0,0,0,0,0
0,0,0,1,0,0,0
0,0,1,1,0,0,0
0,0,0,0,0,1,0
0,0,0,1,0,0,0
0,0,0,1,0,0,1
0,0,1,1,0,0,0
0,0,1,1,0,1,0
0,0,1,0,0,1,0
0,0,0,0,0,0,1
0,0,0,1,0,0,0
0,0,0,1,0,0,1
1,0,0,0,0,0,0
1,0,0,0,0,0,0
0,0,0,0,0,1,0
1,0,0,0,0,0,0
1,0,0,0,0,0,0
0,0,0,1,0,0,0
0,0,0,0,1,0,0
1,0,0,0,0,0,0
0,0,0,0,1,0,0
1,0,0,0,0,0,0
1,0,0,0,0,0,0
0,0,0,0,1,0,0
0,0,0,0,0,0,1
1,0,0,0,0,0,0
0,1,0,0,0,0,1
1,0,0,0,0,0,0
0,0,1,0,0,0,0
0,0,1,0,0,0,0
0,1,0,0,0,0,1
1,0,0,0,0,0,0
0,1,0,0,0,0,0
0,1,0,0,0,0,0
0,0,0,0,0,0,1
1,0,0,0,0,0,0
1,0,0,0,0,0,0
0,0,1,0,0,0,0
1,0,0,0,0,0,0
0,0,0,1,0,0,0
0,0,0,1,1,0,0
1,0,0,0,0,0,0
1,0,0,0,1,0,0
1,0,0,0,0,0,0
0,0,1,1,0,0,1
1,0,0,0,0,0,0
0,0,0,1,0,0,0
0,0,0,1,0,0,0
0,1,1,0,0,0,0
0,0,0,1,0,0,1
0,0,1,0,0,0,0
1,0,0,0,1,0,0
0,0,0,1,1,0,0
1,0,0,0,0,0,0
1,0,0,0,0,0,0
0,0,0,1,0,0,1
0,0,0,0,0,0,1
0,0,1,1,1,0,0
0,0,0,1,0,0,0
1,0,0,0,0,0,0
0,0,0,1,1,0,0
0,0,0,0,0,0,1
0,0,0,0,0,0,1
0,0,1,0,1,0,0
1,0,0,0,1,0,0
0,0,1,1,0,0,0
1,0,0,0,0,0,0
1,0,0,0,0,0,0
1,0,0,0,0,1,0
1,0,0,0,0,0,0
1,0,0,0,0,0,0
0,0,0,1,1,0,0
1,0,0,0,0,0,0
1,0,0,0,0,0,1
1,1,0,0,0,0,0
1,0,0,0,0,0,0
0,0,0,1,0,0,0
1,0,0,0,0,0,0
1,0,0,0,1,0,0
0,0,0,0,1,0,0
0,0,0,1,0,0,0
1,0,0,0,0,0,0
1,0,0,0,0,0,0
0,1,0,0,0,0,0
0,0,0,1,1,0,0
0,0,0,1,0,0,0
0,0,0,0,0,0,1
1,0,0,0,0,0,0
0,0,0,0,1,0,0
1,0,0,0,0,0,0
1,0,0,0,0,0,0
0,0,1,1,0,0,0
0,0,1,1,0,0,0
0,0,0,1,0,0,0
0,0,0,1,0,0,0
1,0,0,0,0,0,0
0,0,0,0,0,0,1
0,0,1,0,0,0,0
0,0,0,0,0,0,1
0,0,0,1,0,0,0
0,0,0,1,0,0,0
1,0,0,0,0,0,0
1,0,0,0,0,0,0
1,0,0,0,0,0,0
1,0,0,0,0,0,0
1,0,0,0,0,0,0
0,0,0,1,0,0,0
1,0,0,0,1,0,0
1,0,0,0,0,0,0
1,0,0,0,1,0,0
1,0,0,0,0,0,0
0,0,0,1,1,0,0
1,0,0,0,0,0,0
1,0,0,0,0,0,0
0,0,0,0,1,0,0
1,0,0,0,0,1,0
1,1,0,0,0,0,0
0,0,0,0,1,0,0
1,0,0,0,0,0,0
1,0,0,0,0,0,0
0,0,0,0,0,0,1
0,0,1,0,0,0,0
1,1,0,0,0,0,1
0,0,1,1,0,0,0
0,0,0,0,0,0,1
0,0,1,0,0,0,0
1,0,0,0,0,0,0
0,0,0,0,1,0,0
0,0,0,0,0,0,1
0,0,0,0,0,0,1
0,1,0,0,0,0,0
0,0,0,1,0,0,0
0,1,0,0,0,0,0
0,0,0,1,1,0,0
1,0,0,0,0,0,0
1,0,0,0,0,0,0
0,0,0,0,1,0,0
0,0,1,1,0,1,0
0,0,0,1,0,0,0
0,0,1,0,0,0,0
0,0,0,1,0,0,0
1,0,0,0,0,0,0
0,0,0,1,0,0,0
0,0,0,0,0,0,1
0,0,0,1,0,0,0
1,0,0,0,1,0,0
1,0,0,0,0,0,0
0,0,0,0,0,0,1
1,1,0,0,0,0,1
1,0,0,0,0,0,0
0,0,0,0,1,0,0
0,0,0,1,0,0,0
0,0,0,1,1,0,0
0,0,0,1,0,0,0
0,0,0,1,0,0,0
0,0,0,0,1,0,0
1,0,0,0,0,0,0
1,0,0,0,0,0,0
1,0,0,0,0,0,0
0,0,0,1,0,0,0
0,0,0,1,0,0,0
1,0,0,0,0,0,0
0,0,0,0,0,0,1
1,0,0,0,1,0,0
1,0,0,0,0,0,0
0,0,0,0,1,0,0
0,0,1,0,0,0,0
0,0,0,0,0,0,1
0,0,0,1,0,0,0
0,0,0,0,1,0,0
0,0,0,1,0,0,0
1,0,0,0,0,0,0
1,0,0,0,0,0,0
1,1,0,0,1,0,0
0,0,0,0,1,0,0
0,0,0,0,1,0,0
1,0,0,0,1,0,0
0,0,0,1,0,0,0
0,0,0,1,1,0,0
0,0,0,1,0,0,0
0,0,0,1,0,0,0
1,1,0,0,0,0,0
0,0,1,1,0,0,0
1,0,0,0,0,0,0
0,0,0,1,0,0,0
0,0,0,1,0,0,0
1,0,0,0,0,0,0
1,0,0,0,0,0,0
1,0,0,0,0,0,0
1,0,0,0,0,0,0
1,0,0,0,0,0,0
1,0,0,0,0,0,0
0,0,0,1,0,0,0
0,0,0,1,0,0,1
0,0,0,0,1,0,0
1,0,0,0,0,0,0
0,0,0,1,0,0,1
1,0,0,0,0,0,0
1,0,0,0,0,0,0
1,0,0,0,0,0,0
0,0,0,1,0,0,0
0,0,0,1,0,0,0
0,0,0,0,1,0,0
0,0,0,1,0,0,0
0,0,0,0,1,0,0
1,0,0,0,0,0,0
1,1,0,0,0,0,1
1,0,0,0,0,0,0
1,1,0,0,0,0,0
0,0,0,0,1,0,0
1,1,0,0,0,0,0
1,0,0,0,0,0,0
0,1,0,0,0,0,0
0,0,0,1,1,0,0
0,0,0,1,1,0,0
0,0,0,1,0,0,1
0,0,0,0,0,1,0
1,1,0,0,0,0,0
0,0,0,1,0,0,0
0,0,1,0,1,0,0
0,0,0,0,1,0,0
0,0,0,0,1,0,0
1,0,0,0,0,0,1
1,1,0,0,0,0,0
0,0,0,1,1,0,0
0,0,0,0,1,0,0
0,0,0,0,1,0,0
1,0,0,0,0,0,0
1,0,0,0,0,0,0
0,0,0,1,0,0,0
1,0,0,0,0,0,0
1,0,0,0,0,0,0
1,0,0,0,0,0,0
0,0,0,1,0,0,0
0,0,1,1,0,0,0
0,0,1,1,0,0,0
0,0,0,1,0,0,0
0,0,0,0,0,0,1
0,0,0,1,0,0,1
0,0,1,1,0,0,1
1,0,0,0,1,0,0
0,0,0,0,0,0,1
1,0,0,0,0,0,0
0,0,0,1,0,0,0
1,0,0,0,0,0,0
1,0,0,0,0,0,0
1,0,0,0,0,0,0
1,0,0,0,0,0,0
1,0,0,0,1,0,0
0,0,0,1,0,0,1
0,0,0,1,0,0,1
1,1,0,0,0,0,0
1,0,0,0,0,0,0
0,1,0,0,1,0,0
0,0,0,1,1,0,0
0,0,0,1,0,0,0
1,0,0,0,0,0,0
1,0,0,0,0,0,0
1,1,0,0,0,0,0
0,0,0,1,1,0,0
0,1,0,0,0,0,0
1,0,0,0,0,0,0
1,0,0,0,0,0,0
1,1,0,0,0,0,0
1,1,0,0,0,0,0
0,0,0,1,0,0,0
1,0,0,0,0,0,0
1,0,0,0,0,0,0
0,0,0,1,0,0,0
0,0,0,1,0,0,0
0,1,1,0,0,0,1
1,0,0,0,0,0,0
0,0,0,1,0,0,0
1,0,0,0,0,0,0
1,0,0,0,0,0,0
1,1,0,0,0,0,0
1,0,0,0,0,0,0
0,0,1,0,0,0,1
1,0,0,0,0,0,0
0,0,0,1,0,0,0
0,0,1,0,0,0,1
0,0,1,0,0,0,0
0,0,0,1,0,0,0
0,0,1,0,0,1,0
1,0,0,0,0,0,0
0,0,0,1,0,0,0
0,1,1,0,0,0,0
0,0,0,1,0,0,0
1,0,0,0,0,0,0
0,0,0,1,0,0,0
0,1,0,0,1,0,0
0,0,0,1,0,0,0
0,0,0,1,1,0,0
1,0,0,0,0,0,0
0,0,0,0,1,0,0
0,0,0,0,1,0,0
1,0,0,1,0,0,0
0,1,0,0,0,0,0
0,1,1,0,0,0,1
1,1,0,0,0,0,0
1,0,0,0,0,0,0
1,0,0,0,0,0,0
1,0,0,0,0,0,0
0,0,0,0,1,0,0
0,0,0,0,1,0,0
1,0,0,0,0,0,0
0,0,0,1,0,0,0
1,0,0,0,0,0,1
1,0,0,0,0,0,0
1,0,0,0,0,0,0
0,1,1,0,0,0,0
1,0,0,0,0,0,0
1,0,0,0,0,0,0
1,0,0,0,1,0,0
1,0,0,0,0,0,0
1,0,0,0,0,0,0
1,1,0,0,0,0,0
1,0,0,0,0,0,0
0,0,0,1,0,0,0
1,0,0,0,0,0,0
0,0,0,1,0,0,0
0,0,1,0,0,0,1
1,0,0,0,0,0,0
0,0,0,0,0,0,1
1,0,0,0,0,0,1
1,0,0,0,0,0,0
1,1,0,0,0,0,0
1,1,0,0,0,0,0
1,1,0,0,0,0,0
0,0,1,0,0,0,0
1,1,0,0,0,0,0
1,0,0,0,0,0,0
1,0,0,0,0,0,0
1,0,0,0,0,0,0
1,0,0,0,0,0,0
0,0,1,1,0,0,0
1,0,0,0,0,0,0
1,1,0,0,0,0,0
1,0,0,0,1,0,0
1,0,0,0,0,0,0
1,0,0,0,0,0,0
0,1,0,0,0,0,1
1,0,0,0,0,0,1
1,0,0,0,0,0,0
1,0,0,0,0,0,0
0,0,0,0,1,0,0
1,0,0,0,0,0,0
0,1,0,0,0,0,0
1,0,0,0,0,0,1
0,1,0,0,0,0,0
0,0,0,1,0,0,0
1,0,0,0,0,0,1
1,0,0,0,0,0,0
1,0,0,0,0,0,0
0,0,0,1,1,0,0
0,0,0,1,1,0,0
0,0,1,1,0,0,0
1,1,0,0,0,0,0
0,1,0,0,0,0,0
0,1,0,0,0,0,0
0,0,0,1,0,0,0
0,0,0,1,0,0,1
0,1,0,0,0,0,0
1,1,0,0,0,0,0
0,0,1,0,0,0,1
0,1,0,0,0,0,0
0,1,0,0,0,0,0
1,0,0,0,0,1,0
0,0,1,0,0,0,0
0,0,0,1,0,0,0
0,0,0,0,1,0,0
0,0,1,0,0,0,1
0,0,0,0,0,0,1
0,0,0,1,0,0,0
1,0,0,0,0,0,1
1,1,0,0,0,0,0
0,0,0,1,0,1,0
0,0,0,1,0,0,0
0,0,0,0,0,0,1
0,0,0,1,0,0,0
0,0,0,1,0,0,0
0,0,0,1,0,0,0
0,0,0,1,0,0,0
0,1,0,0,0,0,0
1,0,0,0,0,0,0
0,0,0,1,0,0,0
0,0,0,0,1,0,0
1,0,0,0,0,0,0
1,0,0,0,0,0,0
0,1,1,0,0,0,1
0,0,0,1,0,1,0
1,0,0,0,0,0,0
1,0,0,0,0,0,0
0,0,0,0,0,1,0
0,0,0,0,1,0,0
0,0,0,0,0,1,0
0,0,0,0,1,0,0
0,0,0,1,0,0,0
0,0,0,0,1,0,0
1,0,0,0,0,0,0
1,0,0,0,0,0,0
0,0,0,1,0,0,0
0,0,0,0,1,0,0
1,0,0,0,0,0,0
0,0,0,0,0,1,0
0,0,0,0,0,1,0
0,0,0,0,0,1,1
0,0,0,0,0,1,0
0,0,0,0,0,1,0
0,0,0,0,1,0,0
1,0,0,0,0,0,0
0,0,0,1,0,0,0
0,1,0,0,0,0,0
0,0,1,0,0,0,0
0,0,0,0,1,0,0
1,0,0,0,0,0,0
0,0,0,0,1,0,0
1,1,0,0,0,0,0
0,0,0,0,1,0,0
1,0,0,0,1,0,0
1,0,0,0,0,0,0
0,0,0,1,0,0,0
1,1,0,0,0,0,0
0,0,1,0,0,0,0
0,0,0,0,0,0,1
0,0,0,0,0,1,1
1,0,0,0,0,0,0
0,0,1,1,0,1,0
0,0,1,1,0,1,0
0,0,0,0,1,0,0
1,0,0,0,0,0,0
1,0,0,0,0,0,0
1,0,0,0,0,0,0
1,0,0,0,0,0,0
0,0,1,1,0,0,1
1,0,0,0,0,0,0
0,0,0,1,0,0,0
1,0,0,0,0,0,0
0,0,0,1,0,0,0
0,0,0,1,0,0,0
0,0,0,1,0,0,0
1,0,0,0,0,0,0
0,0,0,1,0,0,1
0,0,0,1,0,0,1
0,1,0,0,0,0,0
0,0,0,0,0,1,0
0,0,0,0,0,0,1
0,0,0,0,0,0,1
0,0,0,1,0,0,0
0,0,0,0,0,0,1
1,0,0,0,0,0,0
1,0,0,0,0,0,1
0,0,1,0,0,0,0
0,1,1,0,0,0,0
0,0,0,1,0,0,0
1,0,0,0,0,0,0
1,1,0,0,1,0,0
0,0,1,0,0,0,0
1,1,0,0,0,0,0
1,0,0,0,1,0,0
1,0,0,0,0,0,0
0,0,0,1,0,0,0
0,0,0,1,0,0,0
0,1,0,0,0,0,0
1,1,0,0,0,0,0
1,0,0,0,0,0,0
0,0,0,1,0,0,0
0,0,0,1,0,0,0
1,0,0,0,0,0,0
0,1,0,0,0,0,0
0,0,0,1,0,0,0
0,0,0,1,0,0,0
1,0,0,0,0,0,0
1,0,0,0,0,0,0
0,0,0,0,0,0,1
0,1,0,0,0,0,0
0,1,0,0,0,0,1
1,0,0,0,0,0,0
0,0,0,0,1,0,0
0,0,0,0,1,0,0
1,0,0,0,0,0,0
0,1,1,0,0,0,0
0,0,0,1,1,0,0
1,0,0,0,0,0,0
1,0,0,0,0,0,1
1,0,0,0,0,0,0
0,0,1,1,1,0,0
0,0,1,1,1,0,0
0,0,0,1,0,0,0
0,0,0,0,0,0,1
0,0,0,0,0,0,1
1,0,0,0,0,0,0
1,0,0,0,0,0,0
0,0,0,0,1,0,0
0,0,0,0,1,0,0
1,0,0,0,0,0,0
0,0,0,1,0,1,0
0,0,1,1,0,1,0
0,0,0,1,0,1,0
0,0,0,1,0,0,0
0,0,0,1,0,0,0
1,1,0,0,0,0,0
0,0,0,0,0,0,1
1,0,0,0,0,0,0
1,0,0,0,0,0,0
0,0,0,1,0,0,0
0,0,0,0,0,0,1
0,0,0,0,1,0,0
1,0,0,0,0,0,0
0,0,0,1,0,1,0
1,0,0,0,1,0,0
1,0,0,0,0,0,0
0,0,0,1,0,0,0
0,0,0,1,0,0,0
0,0,0,1,0,0,0
0,0,0,1,0,0,0
1,0,0,0,0,0,0
0,0,0,0,0,0,1
1,0,0,0,0,0,0
0,0,0,1,0,0,0
0,0,0,1,0,0,0
0,0,0,0,0,1,0
0,0,0,1,0,0,0
1,0,0,0,0,0,0
1,1,0,0,0,0,1
0,0,1,0,0,0,0
0,0,0,0,1,0,0
0,0,0,1,0,0,0
1,0,0,0,0,0,0
0,0,0,1,0,0,1
0,0,0,0,1,0,0
0,0,0,1,0,0,0
0,0,1,1,0,0,0
0,1,0,0,0,0,0
0,0,0,1,0,0,0
1,0,0,0,0,0,0
1,0,0,0,1,0,0
1,0,0,0,1,0,0
0,0,0,0,1,0,0
1,1,0,0,0,0,0
1,1,0,0,1,0,0
1,0,0,0,0,0,0
1,0,0,0,1,0,0
0,0,0,0,0,0,1
1,1,0,0,0,0,0
0,0,0,0,0,0,1
0,0,0,1,0,0,0
0,0,1,0,1,0,1
1,0,0,0,0,0,0
1,0,0,0,0,0,0
0,1,0,0,0,0,0
1,0,0,0,0,0,0
1,0,0,0,0,0,0
1,0,0,0,0,0,0
0,0,1,0,0,0,0
0,0,0,0,1,0,0
1,0,0,0,0,0,0
0,0,1,0,0,0,0
1,0,0,0,0,0,0
0,0,1,1,0,0,0
0,0,0,1,0,0,0
1,0,0,0,0,0,0
0,0,0,0,0,0,1
0,0,0,0,0,0,1
1,0,0,0,0,0,0
0,0,1,0,0,0,0
0,0,1,1,0,0,0
1,0,0,0,0,0,0
0,0,0,1,0,0,0
0,0,0,0,0,0,1
0,0,0,0,1,0,0
1,0,0,0,0,0,0
0,0,1,1,0,0,1
0,0,0,1,0,0,0
